instance_idx,feature,feature_value,lime_weight,abs_weight
0,checking_status,0.0,0.08891041331480037,0.08891041331480037
0,duration,18.0,-0.019361545519922696,0.019361545519922696
0,credit_history,2.0,0.02261741742969247,0.02261741742969247
0,purpose,0.0,0.0610337046977,0.0610337046977
0,credit_amount,2427.0,0.039020796014837086,0.039020796014837086
0,savings_status,4.0,-0.03674378755845905,0.03674378755845905
0,employment,3.0,-0.08729482803587485,0.08729482803587485
0,installment_commitment,4.0,-0.051012917081530613,0.051012917081530613
0,personal_status,3.0,-0.05017264531232396,0.05017264531232396
0,other_parties,2.0,-0.017057505690167774,0.017057505690167774
0,residence_since,2.0,0.04584139250895813,0.04584139250895813
0,property_magnitude,1.0,0.008473041197099776,0.008473041197099776
0,age,42.0,-0.018243347811265898,0.018243347811265898
0,other_payment_plans,1.0,-0.003877038773831471,0.003877038773831471
0,housing,1.0,-0.011468346663076187,0.011468346663076187
0,existing_credits,2.0,-0.03230527607373646,0.03230527607373646
0,job,1.0,0.0298329317974226,0.0298329317974226
0,num_dependents,1.0,0.0026666458062720457,0.0026666458062720457
0,own_telephone,0.0,0.049730763647201366,0.049730763647201366
0,foreign_worker,1.0,-0.04385355318086197,0.04385355318086197
1,checking_status,0.0,0.02218863410759266,0.02218863410759266
1,duration,36.0,-0.028344881512611508,0.028344881512611508
1,credit_history,0.0,0.035609582233829276,0.035609582233829276
1,purpose,1.0,0.02855411710805734,0.02855411710805734
1,credit_amount,3990.0,-0.003970275958676992,0.003970275958676992
1,savings_status,4.0,-0.024170359939291234,0.024170359939291234
1,employment,2.0,-0.010749036260278644,0.010749036260278644
1,installment_commitment,3.0,-0.0033387174274609344,0.0033387174274609344
1,personal_status,0.0,0.024899052935387155,0.024899052935387155
1,other_parties,2.0,-0.008149824941846708,0.008149824941846708
1,residence_since,2.0,0.019322760865321736,0.019322760865321736
1,property_magnitude,2.0,-0.01954172471533941,0.01954172471533941
1,age,29.0,0.013650282056764954,0.013650282056764954
1,other_payment_plans,0.0,0.04006518852885907,0.04006518852885907
1,housing,1.0,-0.005624223941019332,0.005624223941019332
1,existing_credits,1.0,0.010812777616013685,0.010812777616013685
1,job,2.0,-0.013937529574483914,0.013937529574483914
1,num_dependents,1.0,0.00808703066843454,0.00808703066843454
1,own_telephone,0.0,0.023718195416834405,0.023718195416834405
1,foreign_worker,1.0,-0.0026654284144826857,0.0026654284144826857
5,checking_status,2.0,-0.004401922575570836,0.004401922575570836
5,duration,12.0,0.021619664711945194,0.021619664711945194
5,credit_history,0.0,0.0667880020044636,0.0667880020044636
5,purpose,6.0,-0.006601499236957671,0.006601499236957671
5,credit_amount,409.0,0.046372433113466886,0.046372433113466886
5,savings_status,3.0,-0.034617022896040885,0.034617022896040885
5,employment,0.0,0.03067923449655913,0.03067923449655913
5,installment_commitment,3.0,-0.03166177859161267,0.03166177859161267
5,personal_status,0.0,0.026285498957002756,0.026285498957002756
5,other_parties,2.0,-0.005568901795850246,0.005568901795850246
5,residence_since,3.0,-0.003021979626142282,0.003021979626142282
5,property_magnitude,3.0,-0.042998579434575725,0.042998579434575725
5,age,42.0,-0.036942770856041036,0.036942770856041036
5,other_payment_plans,1.0,-0.004855309048541686,0.004855309048541686
5,housing,2.0,-0.04407461914399035,0.04407461914399035
5,existing_credits,2.0,-0.031550158553756695,0.031550158553756695
5,job,1.0,0.00909016920917797,0.00909016920917797
5,num_dependents,1.0,0.0392200547102648,0.0392200547102648
5,own_telephone,0.0,0.0268323881488891,0.0268323881488891
5,foreign_worker,1.0,-0.005447110175855012,0.005447110175855012
9,checking_status,3.0,-0.017208188369143947,0.017208188369143947
9,duration,15.0,0.004771815362308957,0.004771815362308957
9,credit_history,0.0,0.02439102798980805,0.02439102798980805
9,purpose,6.0,-0.011320002107463544,0.011320002107463544
9,credit_amount,1569.0,0.00844891262973887,0.00844891262973887
9,savings_status,0.0,0.020986389312103716,0.020986389312103716
9,employment,3.0,-0.00943678158745373,0.00943678158745373
9,installment_commitment,4.0,-0.015466652581390263,0.015466652581390263
9,personal_status,3.0,-0.013469797604816203,0.013469797604816203
9,other_parties,2.0,-0.009415103695422491,0.009415103695422491
9,residence_since,4.0,-0.014196874070695717,0.014196874070695717
9,property_magnitude,0.0,0.014039395511926428,0.014039395511926428
9,age,34.0,0.00631940581385929,0.00631940581385929
9,other_payment_plans,0.0,0.02527101665733469,0.02527101665733469
9,housing,1.0,0.0036852639162307348,0.0036852639162307348
9,existing_credits,1.0,0.012169043810196206,0.012169043810196206
9,job,3.0,-0.026790086069311148,0.026790086069311148
9,num_dependents,2.0,-0.02936929423339514,0.02936929423339514
9,own_telephone,0.0,0.012879127754696561,0.012879127754696561
9,foreign_worker,1.0,-0.0008484412564813684,0.0008484412564813684
10,checking_status,2.0,-0.0012284313072593613,0.0012284313072593613
10,duration,24.0,-0.03758600572313349,0.03758600572313349
10,credit_history,3.0,-0.06338323227649634,0.06338323227649634
10,purpose,6.0,-0.004718738285964094,0.004718738285964094
10,credit_amount,1258.0,0.00457366667847761,0.00457366667847761
10,savings_status,1.0,0.03496742815291064,0.03496742815291064
10,employment,0.0,0.04905532188119562,0.04905532188119562
10,installment_commitment,3.0,0.029505532926359525,0.029505532926359525
10,personal_status,0.0,0.038212854503488,0.038212854503488
10,other_parties,2.0,-0.02226502124810787,0.02226502124810787
10,residence_since,3.0,-0.01796207529976424,0.01796207529976424
10,property_magnitude,0.0,0.05065783049798458,0.05065783049798458
10,age,57.0,-0.05501880619606022,0.05501880619606022
10,other_payment_plans,1.0,-0.04523465308142953,0.04523465308142953
10,housing,1.0,-0.03365237792551376,0.03365237792551376
10,existing_credits,1.0,0.04166969427414823,0.04166969427414823
10,job,3.0,-0.042512036772467766,0.042512036772467766
10,num_dependents,1.0,0.03673389181181136,0.03673389181181136
10,own_telephone,0.0,0.07703925873348774,0.07703925873348774
10,foreign_worker,1.0,-0.009298677781648852,0.009298677781648852
14,checking_status,3.0,-0.027623999884869372,0.027623999884869372
14,duration,15.0,0.008881611579406867,0.008881611579406867
14,credit_history,3.0,-0.033036940220788805,0.033036940220788805
14,purpose,4.0,-0.018858642850894152,0.018858642850894152
14,credit_amount,5324.0,-0.040925093579697445,0.040925093579697445
14,savings_status,1.0,0.04809793294697642,0.04809793294697642
14,employment,3.0,-0.024028887395227915,0.024028887395227915
14,installment_commitment,1.0,0.04421498608778398,0.04421498608778398
14,personal_status,0.0,0.022794946919483024,0.022794946919483024
14,other_parties,2.0,0.002919397813965796,0.002919397813965796
14,residence_since,4.0,-0.03900902782161544,0.03900902782161544
14,property_magnitude,2.0,-0.016117696656683358,0.016117696656683358
14,age,35.0,0.00915697119002804,0.00915697119002804
14,other_payment_plans,1.0,-0.013075822035517416,0.013075822035517416
14,housing,0.0,0.07760239615440755,0.07760239615440755
14,existing_credits,1.0,0.008416664922176123,0.008416664922176123
14,job,1.0,-0.02232147863138008,0.02232147863138008
14,num_dependents,1.0,0.03132757668057364,0.03132757668057364
14,own_telephone,0.0,0.04888300888137191,0.04888300888137191
14,foreign_worker,1.0,0.001753775486337524,0.001753775486337524
16,checking_status,0.0,0.09585957185675201,0.09585957185675201
16,duration,24.0,-0.049535820175784166,0.049535820175784166
16,credit_history,2.0,-0.008548423671953116,0.008548423671953116
16,purpose,6.0,-0.020892516493530237,0.020892516493530237
16,credit_amount,6403.0,-0.0920879930918811,0.0920879930918811
16,savings_status,2.0,0.016957479408701598,0.016957479408701598
16,employment,2.0,-0.04979966199405667,0.04979966199405667
16,installment_commitment,1.0,0.08135317992933093,0.08135317992933093
16,personal_status,3.0,-0.03319292168372822,0.03319292168372822
16,other_parties,2.0,0.016623905829225204,0.016623905829225204
16,residence_since,2.0,0.024986179258315987,0.024986179258315987
16,property_magnitude,0.0,0.06518433414092414,0.06518433414092414
16,age,33.0,0.06573140010510685,0.06573140010510685
16,other_payment_plans,1.0,-0.016359381366958654,0.016359381366958654
16,housing,1.0,0.010551760127986459,0.010551760127986459
16,existing_credits,1.0,0.03465021100361963,0.03465021100361963
16,job,1.0,-0.00037357853754083417,0.00037357853754083417
16,num_dependents,1.0,0.001353682302957859,0.001353682302957859
16,own_telephone,0.0,0.04783159800097246,0.04783159800097246
16,foreign_worker,1.0,0.0057414151943382995,0.0057414151943382995
20,checking_status,2.0,-0.024625990030278145,0.024625990030278145
20,duration,12.0,0.005973803145376483,0.005973803145376483
20,credit_history,3.0,-0.05594901204238282,0.05594901204238282
20,purpose,6.0,-0.01811907035126198,0.01811907035126198
20,credit_amount,1881.0,-0.0017930275151631775,0.0017930275151631775
20,savings_status,2.0,-0.006976888009832533,0.006976888009832533
20,employment,0.0,0.03788727289181465,0.03788727289181465
20,installment_commitment,2.0,0.03471545039895847,0.03471545039895847
20,personal_status,0.0,0.06713786864765407,0.06713786864765407
20,other_parties,2.0,-0.014830478085350455,0.014830478085350455
20,residence_since,2.0,0.034284495364719066,0.034284495364719066
20,property_magnitude,0.0,0.012548901970593683,0.012548901970593683
20,age,44.0,-0.02801525607185232,0.02801525607185232
20,other_payment_plans,1.0,-0.002595801788793409,0.002595801788793409
20,housing,2.0,-0.0881558271798317,0.0881558271798317
20,existing_credits,1.0,0.02175034163346993,0.02175034163346993
20,job,3.0,-0.05075717945119241,0.05075717945119241
20,num_dependents,1.0,0.02972902661488165,0.02972902661488165
20,own_telephone,1.0,-0.038445791319129646,0.038445791319129646
20,foreign_worker,1.0,-0.009188270215927627,0.009188270215927627
25,checking_status,3.0,-0.01034134531992448,0.01034134531992448
25,duration,48.0,-0.020018076587291135,0.020018076587291135
25,credit_history,1.0,0.021442903074859812,0.021442903074859812
25,purpose,2.0,0.015719348598553038,0.015719348598553038
25,credit_amount,6110.0,-0.01781770374490469,0.01781770374490469
25,savings_status,2.0,0.00649996985986072,0.00649996985986072
25,employment,0.0,0.014376808867931976,0.014376808867931976
25,installment_commitment,1.0,0.02263159571888732,0.02263159571888732
25,personal_status,3.0,-0.008495114085735356,0.008495114085735356
25,other_parties,2.0,-0.004350428421201994,0.004350428421201994
25,residence_since,3.0,-0.004920836055192388,0.004920836055192388
25,property_magnitude,2.0,-0.009827309966353915,0.009827309966353915
25,age,31.0,0.007527642779523664,0.007527642779523664
25,other_payment_plans,0.0,0.027231416462516003,0.027231416462516003
25,housing,0.0,0.024926220431682168,0.024926220431682168
25,existing_credits,1.0,0.010360552482685418,0.010360552482685418
25,job,1.0,0.0006812426618626835,0.0006812426618626835
25,num_dependents,1.0,0.008204854765540134,0.008204854765540134
25,own_telephone,1.0,-0.011554650043653596,0.011554650043653596
25,foreign_worker,1.0,-0.0034801806090239856,0.0034801806090239856
35,checking_status,1.0,0.04435415641771825,0.04435415641771825
35,duration,6.0,0.052216514206544,0.052216514206544
35,credit_history,3.0,-0.02622043993092984,0.02622043993092984
35,purpose,9.0,-0.037333498575459416,0.037333498575459416
35,credit_amount,1352.0,0.041352637146453715,0.041352637146453715
35,savings_status,1.0,0.008159726820802477,0.008159726820802477
35,employment,4.0,-0.014940646335578922,0.014940646335578922
35,installment_commitment,1.0,0.040290667843284,0.040290667843284
35,personal_status,0.0,0.058481069105268194,0.058481069105268194
35,other_parties,2.0,-0.0022595974577311424,0.0022595974577311424
35,residence_since,2.0,-0.0036142543243157343,0.0036142543243157343
35,property_magnitude,1.0,-0.008874146890131872,0.008874146890131872
35,age,23.0,0.03750952195781816,0.03750952195781816
35,other_payment_plans,1.0,0.03434177166995967,0.03434177166995967
35,housing,2.0,-0.04270562256250386,0.04270562256250386
35,existing_credits,1.0,0.03245746345433451,0.03245746345433451
35,job,2.0,-0.05466841701811326,0.05466841701811326
35,num_dependents,1.0,0.025317995356404936,0.025317995356404936
35,own_telephone,1.0,-0.0033488936582802198,0.0033488936582802198
35,foreign_worker,1.0,0.005387302148534746,0.005387302148534746
44,checking_status,1.0,0.027233693604679605,0.027233693604679605
44,duration,15.0,0.0002022078433079784,0.0002022078433079784
44,credit_history,3.0,-0.01064146459528121,0.01064146459528121
44,purpose,4.0,0.009967393614440892,0.009967393614440892
44,credit_amount,2511.0,-0.0015947297079853355,0.0015947297079853355
44,savings_status,2.0,0.03130419924062017,0.03130419924062017
44,employment,4.0,-0.03539698701807304,0.03539698701807304
44,installment_commitment,1.0,0.05769366584662243,0.05769366584662243
44,personal_status,0.0,0.04507362353309917,0.04507362353309917
44,other_parties,2.0,-0.001256071323279894,0.001256071323279894
44,residence_since,4.0,-0.020729807626784547,0.020729807626784547
44,property_magnitude,0.0,0.021745547491013817,0.021745547491013817
44,age,23.0,0.06229313657647147,0.06229313657647147
44,other_payment_plans,1.0,-0.011364451599970881,0.011364451599970881
44,housing,2.0,-0.050923754894446865,0.050923754894446865
44,existing_credits,1.0,0.037093096582804255,0.037093096582804255
44,job,1.0,-0.002464631273907046,0.002464631273907046
44,num_dependents,1.0,0.015957958258141572,0.015957958258141572
44,own_telephone,0.0,0.0228412255976696,0.0228412255976696
44,foreign_worker,1.0,-0.002859837875624475,0.002859837875624475
46,checking_status,0.0,0.038244805656421146,0.038244805656421146
46,duration,24.0,-0.05476274948273241,0.05476274948273241
46,credit_history,2.0,0.0047003495005404515,0.0047003495005404515
46,purpose,3.0,0.001010078899563364,0.001010078899563364
46,credit_amount,2333.0,0.0024786107298090205,0.0024786107298090205
46,savings_status,4.0,-0.06666979853019409,0.06666979853019409
46,employment,2.0,-0.020331064325102816,0.020331064325102816
46,installment_commitment,4.0,-0.025007570085099722,0.025007570085099722
46,personal_status,3.0,0.0089042501422393,0.0089042501422393
46,other_parties,2.0,0.021631093405439065,0.021631093405439065
46,residence_since,2.0,0.029172850631968946,0.029172850631968946
46,property_magnitude,1.0,0.03354730021134396,0.03354730021134396
46,age,29.0,0.04967514131363047,0.04967514131363047
46,other_payment_plans,0.0,0.06565023831090544,0.06565023831090544
46,housing,1.0,0.024360229852169825,0.024360229852169825
46,existing_credits,1.0,0.03339487782099479,0.03339487782099479
46,job,3.0,-0.05217440471271689,0.05217440471271689
46,num_dependents,1.0,0.03609463367025724,0.03609463367025724
46,own_telephone,0.0,0.016413353972832265,0.016413353972832265
46,foreign_worker,1.0,-0.02444769992479554,0.02444769992479554
56,checking_status,3.0,-0.007351365464517844,0.007351365464517844
56,duration,5.0,0.02367355124839889,0.02367355124839889
56,credit_history,3.0,-0.005129136838828728,0.005129136838828728
56,purpose,0.0,0.024880844025727263,0.024880844025727263
56,credit_amount,3448.0,-0.019153022334082153,0.019153022334082153
56,savings_status,2.0,0.011936677315729224,0.011936677315729224
56,employment,1.0,0.008291898172835188,0.008291898172835188
56,installment_commitment,1.0,0.014541028493345994,0.014541028493345994
56,personal_status,3.0,-0.00744913644453054,0.00744913644453054
56,other_parties,2.0,-0.0013986796018212778,0.0013986796018212778
56,residence_since,4.0,-0.019722087338647453,0.019722087338647453
56,property_magnitude,3.0,-0.02035839278168434,0.02035839278168434
56,age,74.0,-0.02931444586264689,0.02931444586264689
56,other_payment_plans,1.0,-0.005635722271277676,0.005635722271277676
56,housing,1.0,0.005154470188114298,0.005154470188114298
56,existing_credits,1.0,0.01496077193815717,0.01496077193815717
56,job,3.0,-0.01784083000043892,0.01784083000043892
56,num_dependents,1.0,-0.006488435791033355,0.006488435791033355
56,own_telephone,0.0,0.020574180132698093,0.020574180132698093
56,foreign_worker,1.0,-0.001812998147749323,0.001812998147749323
59,checking_status,3.0,-0.02221180511232262,0.02221180511232262
59,duration,36.0,-0.022195011204726275,0.022195011204726275
59,credit_history,3.0,-0.019384377924309283,0.019384377924309283
59,purpose,9.0,-0.026465035898866326,0.026465035898866326
59,credit_amount,8133.0,-0.02338183200926317,0.02338183200926317
59,savings_status,2.0,0.011187858218239151,0.011187858218239151
59,employment,0.0,0.01609563326342865,0.01609563326342865
59,installment_commitment,1.0,0.016649681354431543,0.016649681354431543
59,personal_status,0.0,0.019741555429962605,0.019741555429962605
59,other_parties,2.0,-0.009073452609765362,0.009073452609765362
59,residence_since,2.0,0.01218791144486594,0.01218791144486594
59,property_magnitude,1.0,0.01602894872213082,0.01602894872213082
59,age,30.0,0.010252139881113606,0.010252139881113606
59,other_payment_plans,0.0,0.02391183722891831,0.02391183722891831
59,housing,1.0,0.011416593818405216,0.011416593818405216
59,existing_credits,1.0,0.019013041805149147,0.019013041805149147
59,job,1.0,-0.004498137783039198,0.004498137783039198
59,num_dependents,1.0,0.010428130430460689,0.010428130430460689
59,own_telephone,0.0,0.022251527926514737,0.022251527926514737
59,foreign_worker,1.0,0.0038138684060110774,0.0038138684060110774
73,checking_status,1.0,0.011091321982884959,0.011091321982884959
73,duration,12.0,-0.003958153415876867,0.003958153415876867
73,credit_history,2.0,0.03130319861300711,0.03130319861300711
73,purpose,4.0,-0.0003818275107858322,0.0003818275107858322
73,credit_amount,1344.0,0.061432264663347703,0.061432264663347703
73,savings_status,2.0,0.009195757433685102,0.009195757433685102
73,employment,0.0,0.035066891505265436,0.035066891505265436
73,installment_commitment,4.0,0.004690287207635312,0.004690287207635312
73,personal_status,3.0,-0.049304386755274994,0.049304386755274994
73,other_parties,2.0,-0.018941405224114458,0.018941405224114458
73,residence_since,2.0,0.0029379446528594827,0.0029379446528594827
73,property_magnitude,3.0,-0.041767473951221004,0.041767473951221004
73,age,43.0,-0.03358813450222517,0.03358813450222517
73,other_payment_plans,1.0,0.011041858211356295,0.011041858211356295
73,housing,1.0,0.030868808659298346,0.030868808659298346
73,existing_credits,2.0,-0.03955543331362652,0.03955543331362652
73,job,3.0,-0.08152246734904904,0.08152246734904904
73,num_dependents,2.0,-0.07014218801597419,0.07014218801597419
73,own_telephone,0.0,0.03897596632928388,0.03897596632928388
73,foreign_worker,1.0,-0.025291243446414688,0.025291243446414688
75,checking_status,1.0,-0.002076733517168508,0.002076733517168508
75,duration,18.0,-0.0007388672917391977,0.0007388672917391977
75,credit_history,0.0,0.007121446855315314,0.007121446855315314
75,purpose,6.0,-0.0003531261792059999,0.0003531261792059999
75,credit_amount,1940.0,-0.001471348223978627,0.001471348223978627
75,savings_status,2.0,0.005267076427018161,0.005267076427018161
75,employment,2.0,0.0017205451011124816,0.0017205451011124816
75,installment_commitment,3.0,-0.002655623382810627,0.002655623382810627
75,personal_status,3.0,-0.0014351290570585832,0.0014351290570585832
75,other_parties,0.0,0.008726617475925375,0.008726617475925375
75,residence_since,4.0,-0.0017594821078091953,0.0017594821078091953
75,property_magnitude,2.0,-0.0007178490145171313,0.0007178490145171313
75,age,36.0,-0.0035621747506641645,0.0035621747506641645
75,other_payment_plans,0.0,0.007971880712214973,0.007971880712214973
75,housing,0.0,0.004796434159955976,0.004796434159955976
75,existing_credits,1.0,0.0033085547980391773,0.0033085547980391773
75,job,0.0,0.007005017733838704,0.007005017733838704
75,num_dependents,1.0,-0.0015776323372157209,0.0015776323372157209
75,own_telephone,1.0,-0.005640812889838013,0.005640812889838013
75,foreign_worker,1.0,-0.009744533691932343,0.009744533691932343
77,checking_status,0.0,0.03202591010956803,0.03202591010956803
77,duration,24.0,-0.034079343102708354,0.034079343102708354
77,credit_history,1.0,0.0281172756518547,0.0281172756518547
77,purpose,2.0,0.0454254793218006,0.0454254793218006
77,credit_amount,5743.0,-0.045025368102871804,0.045025368102871804
77,savings_status,2.0,0.011968664339380599,0.011968664339380599
77,employment,2.0,-0.0036888997741503986,0.0036888997741503986
77,installment_commitment,2.0,0.014728452254772604,0.014728452254772604
77,personal_status,0.0,0.049388388225125555,0.049388388225125555
77,other_parties,2.0,-0.012857412934865167,0.012857412934865167
77,residence_since,4.0,-0.037746261563413555,0.037746261563413555
77,property_magnitude,2.0,-0.004925998790080204,0.004925998790080204
77,age,24.0,0.054286158935540486,0.054286158935540486
77,other_payment_plans,1.0,-0.00915222004756167,0.00915222004756167
77,housing,0.0,0.04439705615732672,0.04439705615732672
77,existing_credits,2.0,-0.02509741676646714,0.02509741676646714
77,job,1.0,0.009864047690825063,0.009864047690825063
77,num_dependents,1.0,0.003547932591859121,0.003547932591859121
77,own_telephone,1.0,-0.03659423643801602,0.03659423643801602
77,foreign_worker,1.0,-0.005921454594250564,0.005921454594250564
80,checking_status,1.0,0.009586311014233316,0.009586311014233316
80,duration,18.0,0.007533613447680925,0.007533613447680925
80,credit_history,1.0,0.022097743405668946,0.022097743405668946
80,purpose,4.0,0.020834339181257253,0.020834339181257253
80,credit_amount,5302.0,-0.020968923363523153,0.020968923363523153
80,savings_status,2.0,0.016032543360309313,0.016032543360309313
80,employment,3.0,-0.02216885578811277,0.02216885578811277
80,installment_commitment,2.0,0.014925743044076206,0.014925743044076206
80,personal_status,3.0,-0.010841895452435232,0.010841895452435232
80,other_parties,2.0,-0.013297262102901332,0.013297262102901332
80,residence_since,4.0,-0.0220810009890798,0.0220810009890798
80,property_magnitude,2.0,-0.016644810440294554,0.016644810440294554
80,age,36.0,0.015211010607999164,0.015211010607999164
80,other_payment_plans,1.0,0.00317740274584054,0.00317740274584054
80,housing,0.0,0.044071451225558354,0.044071451225558354
80,existing_credits,3.0,-0.055183816390161844,0.055183816390161844
80,job,0.0,0.021677778394373116,0.021677778394373116
80,num_dependents,1.0,-0.0032306145693400245,0.0032306145693400245
80,own_telephone,1.0,-0.015355467009934719,0.015355467009934719
80,foreign_worker,1.0,0.012391603179530598,0.012391603179530598
82,checking_status,3.0,-0.016930285946048524,0.016930285946048524
82,duration,24.0,-0.018348941314530867,0.018348941314530867
82,credit_history,3.0,-0.017078641389636117,0.017078641389636117
82,purpose,4.0,0.013289754757399805,0.013289754757399805
82,credit_amount,1469.0,0.010562323561608456,0.010562323561608456
82,savings_status,0.0,0.06287217482120304,0.06287217482120304
82,employment,3.0,-0.029299969684792957,0.029299969684792957
82,installment_commitment,4.0,-0.04447081275212977,0.04447081275212977
82,personal_status,2.0,0.007859236363170843,0.007859236363170843
82,other_parties,2.0,-0.031376221094884325,0.031376221094884325
82,residence_since,4.0,-0.025629966325103094,0.025629966325103094
82,property_magnitude,3.0,-0.015972791887779596,0.015972791887779596
82,age,41.0,-0.020129051016050437,0.020129051016050437
82,other_payment_plans,1.0,-0.0003228683963556944,0.0003228683963556944
82,housing,2.0,-0.059252012966077815,0.059252012966077815
82,existing_credits,1.0,0.00523777062887151,0.00523777062887151
82,job,3.0,-0.05728156297027037,0.05728156297027037
82,num_dependents,1.0,0.01510716182574954,0.01510716182574954
82,own_telephone,0.0,0.014569751142273536,0.014569751142273536
82,foreign_worker,1.0,-0.01339576056083907,0.01339576056083907
91,checking_status,3.0,-0.03895672140884763,0.03895672140884763
91,duration,12.0,0.016987783190662208,0.016987783190662208
91,credit_history,3.0,-0.02209257701051755,0.02209257701051755
91,purpose,4.0,-0.02553727214550731,0.02553727214550731
91,credit_amount,640.0,0.041256177922527004,0.041256177922527004
91,savings_status,2.0,0.01930212255438199,0.01930212255438199
91,employment,0.0,0.05574299478352196,0.05574299478352196
91,installment_commitment,4.0,-0.0568631300696395,0.0568631300696395
91,personal_status,1.0,0.03494494469449752,0.03494494469449752
91,other_parties,2.0,-0.0034570789208738543,0.0034570789208738543
91,residence_since,2.0,0.020339767998324643,0.020339767998324643
91,property_magnitude,3.0,-0.05800625488052371,0.05800625488052371
91,age,49.0,-0.04602178575748542,0.04602178575748542
91,other_payment_plans,1.0,-0.021578647899268163,0.021578647899268163
91,housing,1.0,0.03342987777486749,0.03342987777486749
91,existing_credits,1.0,0.03298852857652992,0.03298852857652992
91,job,3.0,-0.06938670049570848,0.06938670049570848
91,num_dependents,1.0,0.0016600122161035099,0.0016600122161035099
91,own_telephone,0.0,0.0413621407770286,0.0413621407770286
91,foreign_worker,1.0,-0.018190575594512287,0.018190575594512287
95,checking_status,1.0,0.021177341899416217,0.021177341899416217
95,duration,12.0,0.015210088531539608,0.015210088531539608
95,credit_history,0.0,0.030243392891144347,0.030243392891144347
95,purpose,8.0,-0.034497683851971675,0.034497683851971675
95,credit_amount,339.0,0.025492676091605052,0.025492676091605052
95,savings_status,2.0,-0.004283416548596904,0.004283416548596904
95,employment,3.0,-0.02483037153286154,0.02483037153286154
95,installment_commitment,4.0,-0.02552520329464826,0.02552520329464826
95,personal_status,2.0,0.0035109222287671923,0.0035109222287671923
95,other_parties,2.0,-0.0005723793435297377,0.0005723793435297377
95,residence_since,1.0,0.03543081910259803,0.03543081910259803
95,property_magnitude,0.0,0.02577226782980054,0.02577226782980054
95,age,45.0,-0.013935981261394689,0.013935981261394689
95,other_payment_plans,0.0,0.04100808882069035,0.04100808882069035
95,housing,1.0,0.000907957371090116,0.000907957371090116
95,existing_credits,1.0,0.017843114068688205,0.017843114068688205
95,job,3.0,-0.042825517696491656,0.042825517696491656
95,num_dependents,1.0,0.00775821471968327,0.00775821471968327
95,own_telephone,0.0,0.02272979110246007,0.02272979110246007
95,foreign_worker,1.0,-0.004796873342411559,0.004796873342411559
113,checking_status,0.0,0.03562191516441551,0.03562191516441551
113,duration,18.0,-0.006597328283943882,0.006597328283943882
113,credit_history,3.0,-0.004764629325227406,0.004764629325227406
113,purpose,7.0,-0.03461300845818015,0.03461300845818015
113,credit_amount,3872.0,0.006084173507740356,0.006084173507740356
113,savings_status,2.0,0.004687221030257514,0.004687221030257514
113,employment,4.0,-0.03629713057876448,0.03629713057876448
113,installment_commitment,2.0,0.021027729973838234,0.021027729973838234
113,personal_status,0.0,0.03221187825368246,0.03221187825368246
113,other_parties,2.0,-0.00843739443276558,0.00843739443276558
113,residence_since,4.0,-0.027049116935075772,0.027049116935075772
113,property_magnitude,0.0,0.02898454758655315,0.02898454758655315
113,age,67.0,-0.05417079122400247,0.05417079122400247
113,other_payment_plans,1.0,-0.0034518497780196286,0.0034518497780196286
113,housing,1.0,0.004028136663135278,0.004028136663135278
113,existing_credits,1.0,0.02537177884804791,0.02537177884804791
113,job,1.0,0.00552093765632199,0.00552093765632199
113,num_dependents,1.0,0.010424689882816729,0.010424689882816729
113,own_telephone,1.0,-0.035254597764127454,0.035254597764127454
113,foreign_worker,1.0,0.0021033377836644327,0.0021033377836644327
115,checking_status,0.0,0.019301701667622323,0.019301701667622323
115,duration,12.0,0.025232574252054482,0.025232574252054482
115,credit_history,3.0,-0.017093161643018644,0.017093161643018644
115,purpose,4.0,0.01244254123372273,0.01244254123372273
115,credit_amount,7472.0,-0.035465376641206074,0.035465376641206074
115,savings_status,4.0,-0.02302877950251408,0.02302877950251408
115,employment,4.0,-0.03137304581541692,0.03137304581541692
115,installment_commitment,1.0,0.027157934546485636,0.027157934546485636
115,personal_status,0.0,0.028302554042526594,0.028302554042526594
115,other_parties,2.0,-0.00940083124270248,0.00940083124270248
115,residence_since,2.0,0.02889219121775651,0.02889219121775651
115,property_magnitude,3.0,-0.03316186924122299,0.03316186924122299
115,age,24.0,0.021132628000578392,0.021132628000578392
115,other_payment_plans,1.0,0.007179369718148794,0.007179369718148794
115,housing,2.0,-0.022064432014425223,0.022064432014425223
115,existing_credits,1.0,0.012598334063541062,0.012598334063541062
115,job,2.0,-0.01028884912126556,0.01028884912126556
115,num_dependents,1.0,-0.0003370760427720682,0.0003370760427720682
115,own_telephone,0.0,0.007144951636375334,0.007144951636375334
115,foreign_worker,1.0,-0.009915865766347709,0.009915865766347709
125,checking_status,0.0,0.0590905954659734,0.0590905954659734
125,duration,24.0,-0.02389510378331508,0.02389510378331508
125,credit_history,3.0,-0.020491171380648567,0.020491171380648567
125,purpose,6.0,-0.005521694794772866,0.005521694794772866
125,credit_amount,3758.0,-0.007700071630046955,0.007700071630046955
125,savings_status,1.0,0.03764977982188741,0.03764977982188741
125,employment,4.0,-0.033131135435331985,0.033131135435331985
125,installment_commitment,1.0,0.05181212154883674,0.05181212154883674
125,personal_status,0.0,0.05112496267049691,0.05112496267049691
125,other_parties,2.0,-0.04104155799112527,0.04104155799112527
125,residence_since,4.0,-0.02936891647449222,0.02936891647449222
125,property_magnitude,2.0,-0.026782575204062294,0.026782575204062294
125,age,23.0,0.03347012975228842,0.03347012975228842
125,other_payment_plans,1.0,0.0026510169100846365,0.0026510169100846365
125,housing,2.0,-0.0445411008926737,0.0445411008926737
125,existing_credits,1.0,0.004834188902474613,0.004834188902474613
125,job,2.0,-0.013565729230496449,0.013565729230496449
125,num_dependents,1.0,0.0012446983004610634,0.0012446983004610634
125,own_telephone,0.0,0.02729589875520411,0.02729589875520411
125,foreign_worker,1.0,-0.02138048608437785,0.02138048608437785
126,checking_status,2.0,-0.006473960189039426,0.006473960189039426
126,duration,24.0,-0.05003714755346245,0.05003714755346245
126,credit_history,3.0,-0.043200258411283686,0.043200258411283686
126,purpose,6.0,-0.0153309543845691,0.0153309543845691
126,credit_amount,5152.0,-0.06783177392535432,0.06783177392535432
126,savings_status,2.0,0.014282599137546035,0.014282599137546035
126,employment,1.0,0.0030897957178243735,0.0030897957178243735
126,installment_commitment,4.0,-0.04015538580842951,0.04015538580842951
126,personal_status,3.0,-0.030586302546794078,0.030586302546794078
126,other_parties,2.0,-0.025487821124630355,0.025487821124630355
126,residence_since,2.0,0.004866002764940791,0.004866002764940791
126,property_magnitude,0.0,0.07047388083532391,0.07047388083532391
126,age,25.0,0.056304449202680795,0.056304449202680795
126,other_payment_plans,0.0,0.10544070874475847,0.10544070874475847
126,housing,1.0,-0.007957862653005628,0.007957862653005628
126,existing_credits,1.0,0.04682236036123385,0.04682236036123385
126,job,1.0,-0.0066990084998881155,0.0066990084998881155
126,num_dependents,1.0,0.015733701601432865,0.015733701601432865
126,own_telephone,0.0,-0.007327637155550418,0.007327637155550418
126,foreign_worker,1.0,-0.019060731726559976,0.019060731726559976
133,checking_status,3.0,-0.02863674965463275,0.02863674965463275
133,duration,18.0,0.006917882459112117,0.006917882459112117
133,credit_history,3.0,-0.01733716172947811,0.01733716172947811
133,purpose,6.0,-0.03092372113708636,0.03092372113708636
133,credit_amount,1126.0,0.03737680346839824,0.03737680346839824
133,savings_status,4.0,-0.04510648687251992,0.04510648687251992
133,employment,2.0,-0.005797632591242378,0.005797632591242378
133,installment_commitment,4.0,-0.04908905340147416,0.04908905340147416
133,personal_status,0.0,0.06068997241865951,0.06068997241865951
133,other_parties,2.0,-0.00786819520394535,0.00786819520394535
133,residence_since,2.0,0.017459910832868922,0.017459910832868922
133,property_magnitude,3.0,-0.031466087889757514,0.031466087889757514
133,age,21.0,0.05777748625808337,0.05777748625808337
133,other_payment_plans,1.0,-0.00887752408196166,0.00887752408196166
133,housing,2.0,-0.05507846355561568,0.05507846355561568
133,existing_credits,1.0,-0.004881622814697296,0.004881622814697296
133,job,1.0,0.014688359321710023,0.014688359321710023
133,num_dependents,1.0,0.009301712970949698,0.009301712970949698
133,own_telephone,1.0,-0.03151008048790144,0.03151008048790144
133,foreign_worker,1.0,-0.005888863082657019,0.005888863082657019
135,checking_status,0.0,0.05978216432977606,0.05978216432977606
135,duration,12.0,-0.010309681770780649,0.010309681770780649
135,credit_history,3.0,-0.01780519313068337,0.01780519313068337
135,purpose,4.0,-0.0062507091536209225,0.0062507091536209225
135,credit_amount,1007.0,0.06234316020424836,0.06234316020424836
135,savings_status,3.0,-0.011424597551155461,0.011424597551155461
135,employment,0.0,0.045343859845224065,0.045343859845224065
135,installment_commitment,4.0,-0.02523452386530246,0.02523452386530246
135,personal_status,2.0,0.043924066173421296,0.043924066173421296
135,other_parties,2.0,-0.024627638303942136,0.024627638303942136
135,residence_since,1.0,0.05271283950838709,0.05271283950838709
135,property_magnitude,3.0,-0.08501053020129297,0.08501053020129297
135,age,22.0,0.0410037990961039,0.0410037990961039
135,other_payment_plans,1.0,0.018722147988550757,0.018722147988550757
135,housing,1.0,-0.01250531837724538,0.01250531837724538
135,existing_credits,1.0,0.02912457887760834,0.02912457887760834
135,job,1.0,0.008513223934235571,0.008513223934235571
135,num_dependents,1.0,0.009389955168830922,0.009389955168830922
135,own_telephone,0.0,0.05622815047005316,0.05622815047005316
135,foreign_worker,1.0,-0.03311213021851689,0.03311213021851689
140,checking_status,0.0,0.01743232074971556,0.01743232074971556
140,duration,12.0,0.0034867238291462887,0.0034867238291462887
140,credit_history,1.0,0.0157308148766435,0.0157308148766435
140,purpose,3.0,0.010833677147655152,0.010833677147655152
140,credit_amount,3617.0,0.00040393949510803717,0.00040393949510803717
140,savings_status,2.0,0.006961006340611205,0.006961006340611205
140,employment,3.0,-0.012009968231865483,0.012009968231865483
140,installment_commitment,1.0,0.022121862039362627,0.022121862039362627
140,personal_status,3.0,-0.0030296404874693428,0.0030296404874693428
140,other_parties,2.0,-0.011867645839558329,0.011867645839558329
140,residence_since,4.0,-0.01022453698801127,0.01022453698801127
140,property_magnitude,0.0,0.017012213392287406,0.017012213392287406
140,age,28.0,0.014357986471017192,0.014357986471017192
140,other_payment_plans,1.0,-0.004602956394862688,0.004602956394862688
140,housing,2.0,-0.02322015793341578,0.02322015793341578
140,existing_credits,3.0,-0.027205073839434893,0.027205073839434893
140,job,1.0,0.00789642033649724,0.00789642033649724
140,num_dependents,1.0,0.0064412725245160014,0.0064412725245160014
140,own_telephone,1.0,-0.014694597167857442,0.014694597167857442
140,foreign_worker,1.0,-0.008811390348159634,0.008811390348159634
142,checking_status,3.0,-0.026489998693757552,0.026489998693757552
142,duration,15.0,0.005110563844277195,0.005110563844277195
142,credit_history,1.0,0.008115460825668271,0.008115460825668271
142,purpose,9.0,-0.046665881787799304,0.046665881787799304
142,credit_amount,3368.0,0.0016986254697543364,0.0016986254697543364
142,savings_status,3.0,-0.0265851324577187,0.0265851324577187
142,employment,3.0,-0.030141175695708435,0.030141175695708435
142,installment_commitment,3.0,-0.0020822384649871626,0.0020822384649871626
142,personal_status,3.0,-0.048661774823951016,0.048661774823951016
142,other_parties,2.0,-0.0020759902212346484,0.0020759902212346484
142,residence_since,4.0,-0.05409799247014019,0.05409799247014019
142,property_magnitude,2.0,-0.0098038833433533,0.0098038833433533
142,age,23.0,0.0504426815572878,0.0504426815572878
142,other_payment_plans,1.0,-0.008233256694664622,0.008233256694664622
142,housing,2.0,-0.0865862956237492,0.0865862956237492
142,existing_credits,2.0,-0.04999743797670187,0.04999743797670187
142,job,1.0,0.0038215955473872775,0.0038215955473872775
142,num_dependents,1.0,0.027502369424736654,0.027502369424736654
142,own_telephone,1.0,-0.034740428222636316,0.034740428222636316
142,foreign_worker,1.0,-0.007770055966577956,0.007770055966577956
146,checking_status,1.0,0.03769394083922598,0.03769394083922598
146,duration,15.0,-0.019151139097143496,0.019151139097143496
146,credit_history,1.0,0.035590483291367055,0.035590483291367055
146,purpose,3.0,0.08996241448151544,0.08996241448151544
146,credit_amount,1433.0,0.05516551928822843,0.05516551928822843
146,savings_status,2.0,0.03681328599859401,0.03681328599859401
146,employment,0.0,0.06604717596706096,0.06604717596706096
146,installment_commitment,4.0,-0.07255491173989105,0.07255491173989105
146,personal_status,0.0,0.06318685749528581,0.06318685749528581
146,other_parties,2.0,-0.06075613395279042,0.06075613395279042
146,residence_since,3.0,-0.01164077454012358,0.01164077454012358
146,property_magnitude,1.0,-0.012548806458147257,0.012548806458147257
146,age,25.0,0.015771409504501382,0.015771409504501382
146,other_payment_plans,1.0,0.0287454602830547,0.0287454602830547
146,housing,2.0,-0.06743149257981215,0.06743149257981215
146,existing_credits,2.0,0.022487976116037534,0.022487976116037534
146,job,1.0,-0.010319845444655439,0.010319845444655439
146,num_dependents,1.0,0.03660971877674032,0.03660971877674032
146,own_telephone,0.0,0.061552143711119,0.061552143711119
146,foreign_worker,1.0,0.029536200448650084,0.029536200448650084
151,checking_status,0.0,0.028795102488215003,0.028795102488215003
151,duration,36.0,-0.04397912219181787,0.04397912219181787
151,credit_history,2.0,-0.003323088342185327,0.003323088342185327
151,purpose,4.0,-0.01890751352819687,0.01890751352819687
151,credit_amount,2862.0,-0.017893113787938657,0.017893113787938657
151,savings_status,0.0,0.0502995872620395,0.0502995872620395
151,employment,3.0,-0.0253599623935104,0.0253599623935104
151,installment_commitment,4.0,-0.02397663527785725,0.02397663527785725
151,personal_status,3.0,-0.031399162579319316,0.031399162579319316
151,other_parties,2.0,-0.005247368740207591,0.005247368740207591
151,residence_since,3.0,0.0035381629551783783,0.0035381629551783783
151,property_magnitude,2.0,-0.028493982091798948,0.028493982091798948
151,age,30.0,0.014742937640987797,0.014742937640987797
151,other_payment_plans,1.0,-0.00533755533296613,0.00533755533296613
151,housing,0.0,0.04134334698845876,0.04134334698845876
151,existing_credits,1.0,0.02035342324809014,0.02035342324809014
151,job,1.0,0.010440670632446789,0.010440670632446789
151,num_dependents,1.0,0.01147080092250061,0.01147080092250061
151,own_telephone,0.0,0.02424544170834234,0.02424544170834234
151,foreign_worker,1.0,-0.0006783336804825088,0.0006783336804825088
159,checking_status,1.0,0.04186760949485234,0.04186760949485234
159,duration,12.0,-0.027770120393404017,0.027770120393404017
159,credit_history,3.0,-0.03664878987129315,0.03664878987129315
159,purpose,3.0,0.04105374352335852,0.04105374352335852
159,credit_amount,652.0,0.041936526354361466,0.041936526354361466
159,savings_status,2.0,0.02202993813827231,0.02202993813827231
159,employment,3.0,-0.06353216762349567,0.06353216762349567
159,installment_commitment,4.0,-0.040086460356118014,0.040086460356118014
159,personal_status,0.0,0.0763719743106158,0.0763719743106158
159,other_parties,2.0,-0.021656736067936604,0.021656736067936604
159,residence_since,4.0,-0.05028460633812429,0.05028460633812429
159,property_magnitude,1.0,-0.001551010815432737,0.001551010815432737
159,age,24.0,0.06109240152334705,0.06109240152334705
159,other_payment_plans,1.0,0.0069099565892125755,0.0069099565892125755
159,housing,2.0,-0.06680443552308801,0.06680443552308801
159,existing_credits,1.0,0.00912260191549334,0.00912260191549334
159,job,1.0,0.009659205731907443,0.009659205731907443
159,num_dependents,1.0,0.017364456821994424,0.017364456821994424
159,own_telephone,0.0,0.04748778186005728,0.04748778186005728
159,foreign_worker,1.0,-0.023739521386778234,0.023739521386778234
160,checking_status,0.0,0.02516102696703342,0.02516102696703342
160,duration,36.0,-0.061368719286408,0.061368719286408
160,credit_history,3.0,-0.029101867196252844,0.029101867196252844
160,purpose,6.0,0.003113180305255504,0.003113180305255504
160,credit_amount,4795.0,0.006464348875552468,0.006464348875552468
160,savings_status,2.0,0.0056645304354560715,0.0056645304354560715
160,employment,2.0,-0.017013932061684927,0.017013932061684927
160,installment_commitment,4.0,-0.04866142787135211,0.04866142787135211
160,personal_status,0.0,0.042165947250219514,0.042165947250219514
160,other_parties,2.0,0.00033452255741131125,0.00033452255741131125
160,residence_since,1.0,0.030449168572780287,0.030449168572780287
160,property_magnitude,2.0,-0.007848020176817993,0.007848020176817993
160,age,30.0,0.041818042580883535,0.041818042580883535
160,other_payment_plans,1.0,0.03436348758425251,0.03436348758425251
160,housing,1.0,0.016693031956019053,0.016693031956019053
160,existing_credits,1.0,-0.004598515936594858,0.004598515936594858
160,job,0.0,0.029567469711873066,0.029567469711873066
160,num_dependents,1.0,-0.024907510847986012,0.024907510847986012
160,own_telephone,1.0,-0.05708072886951281,0.05708072886951281
160,foreign_worker,1.0,-0.02517146501826522,0.02517146501826522
177,checking_status,0.0,0.016076888105243624,0.016076888105243624
177,duration,24.0,-0.01064646787271687,0.01064646787271687
177,credit_history,2.0,-0.002240029604745449,0.002240029604745449
177,purpose,0.0,0.042856855131345656,0.042856855131345656
177,credit_amount,6967.0,-0.029776938129973604,0.029776938129973604
177,savings_status,0.0,0.034718466505214346,0.034718466505214346
177,employment,1.0,0.0017860611563445873,0.0017860611563445873
177,installment_commitment,4.0,-0.0039005538661880494,0.0039005538661880494
177,personal_status,3.0,-0.004990651584631317,0.004990651584631317
177,other_parties,2.0,-0.010806602179637458,0.010806602179637458
177,residence_since,4.0,-0.02001529188783969,0.02001529188783969
177,property_magnitude,0.0,0.013534232958426462,0.013534232958426462
177,age,36.0,0.002917739868345605,0.002917739868345605
177,other_payment_plans,1.0,-0.002231583320473539,0.002231583320473539
177,housing,2.0,-0.024071414721560165,0.024071414721560165
177,existing_credits,1.0,0.016740965300145676,0.016740965300145676
177,job,0.0,0.031174549260930225,0.031174549260930225
177,num_dependents,1.0,0.007570968902699005,0.007570968902699005
177,own_telephone,1.0,-0.012274728640587526,0.012274728640587526
177,foreign_worker,1.0,-0.0004154523004844488,0.0004154523004844488
186,checking_status,0.0,0.061348200673745926,0.061348200673745926
186,duration,24.0,-0.08620971227480491,0.08620971227480491
186,credit_history,3.0,-0.04707002336928557,0.04707002336928557
186,purpose,4.0,0.0022958736501578173,0.0022958736501578173
186,credit_amount,1201.0,0.04997616040844535,0.04997616040844535
186,savings_status,2.0,0.04905691188145647,0.04905691188145647
186,employment,2.0,-0.04279867487538274,0.04279867487538274
186,installment_commitment,4.0,-0.05320412374211971,0.05320412374211971
186,personal_status,3.0,-0.07664136465767973,0.07664136465767973
186,other_parties,2.0,-0.006551921463101128,0.006551921463101128
186,residence_since,1.0,0.09105182934710826,0.09105182934710826
186,property_magnitude,1.0,0.006228093327541943,0.006228093327541943
186,age,26.0,0.1048907093666901,0.1048907093666901
186,other_payment_plans,1.0,-0.05405291780704095,0.05405291780704095
186,housing,1.0,-0.006100963604454255,0.006100963604454255
186,existing_credits,1.0,0.030220995643239216,0.030220995643239216
186,job,1.0,0.01851485306128861,0.01851485306128861
186,num_dependents,1.0,-0.02355459654026883,0.02355459654026883
186,own_telephone,0.0,0.03891600052368697,0.03891600052368697
186,foreign_worker,1.0,0.006238685235833301,0.006238685235833301
192,checking_status,3.0,-1.0611480538701845e-06,1.0611480538701845e-06
192,duration,10.0,8.318866423540736e-08,8.318866423540736e-08
192,credit_history,3.0,-5.412384570396319e-07,5.412384570396319e-07
192,purpose,4.0,-2.9377830125782684e-08,2.9377830125782684e-08
192,credit_amount,1287.0,5.236448500852468e-07,5.236448500852468e-07
192,savings_status,4.0,-1.8387163306182492e-06,1.8387163306182492e-06
192,employment,3.0,-2.141588470673072e-06,2.141588470673072e-06
192,installment_commitment,4.0,-1.8587074729860818e-06,1.8587074729860818e-06
192,personal_status,3.0,-2.2818833096588566e-07,2.2818833096588566e-07
192,other_parties,0.0,2.1147859513151594e-06,2.1147859513151594e-06
192,residence_since,2.0,7.444342868211961e-07,7.444342868211961e-07
192,property_magnitude,1.0,1.9669941764520205e-07,1.9669941764520205e-07
192,age,45.0,6.170253861106171e-07,6.170253861106171e-07
192,other_payment_plans,1.0,2.1787694678466163e-08,2.1787694678466163e-08
192,housing,1.0,1.1881206798318883e-06,1.1881206798318883e-06
192,existing_credits,1.0,2.813290326307391e-07,2.813290326307391e-07
192,job,3.0,-2.0838416936734715e-06,2.0838416936734715e-06
192,num_dependents,1.0,2.781666882703603e-07,2.781666882703603e-07
192,own_telephone,0.0,-7.343026521460742e-07,7.343026521460742e-07
192,foreign_worker,0.0,2.290531950089726e-06,2.290531950089726e-06
196,checking_status,0.0,0.05844940672755085,0.05844940672755085
196,duration,20.0,-0.046192662567235955,0.046192662567235955
196,credit_history,2.0,-0.003867811611681456,0.003867811611681456
196,purpose,5.0,0.015922820348328107,0.015922820348328107
196,credit_amount,2629.0,0.027014714302884445,0.027014714302884445
196,savings_status,2.0,0.030927818476586308,0.030927818476586308
196,employment,0.0,0.03518271118717791,0.03518271118717791
196,installment_commitment,2.0,0.0600801303617585,0.0600801303617585
196,personal_status,3.0,-0.03906893875515758,0.03906893875515758
196,other_parties,2.0,-0.0025129356658100737,0.0025129356658100737
196,residence_since,3.0,0.018117784991344314,0.018117784991344314
196,property_magnitude,0.0,0.03679316463150788,0.03679316463150788
196,age,29.0,0.05872302252165504,0.05872302252165504
196,other_payment_plans,0.0,0.1063631176586845,0.1063631176586845
196,housing,1.0,0.01355588465518169,0.01355588465518169
196,existing_credits,2.0,-0.04525606169855014,0.04525606169855014
196,job,1.0,-0.007439050497312266,0.007439050497312266
196,num_dependents,1.0,0.035857841481357906,0.035857841481357906
196,own_telephone,1.0,-0.04180679020350406,0.04180679020350406
196,foreign_worker,1.0,-0.007866305062780861,0.007866305062780861
